gameday,kickoff,away,home,neutral,away_score,home_score,expected_margin,home_win_probability,away_win_probability,pick,market_spread,model_k,model_home_field,model_sigma
2026-10-01,20:15,PIT,CLE,False,,,-0.546,0.4834,0.5166,PIT by 0.5,-2.5,4.59,2.56,13.16
2026-10-04,09:30,IND,WAS,True,,,-1.796,0.4457,0.5543,IND by 1.8,-3.5,4.59,2.56,13.16
2026-10-04,13:00,ARI,NYG,False,,,5.384,0.6588,0.3412,NYG by 5.4,-1.5,4.59,2.56,13.16
2026-10-04,13:00,DAL,HOU,False,,,-0.2,0.4939,0.5061,DAL by 0.2,2.5,4.59,2.56,13.16
2026-10-04,13:00,GB,TB,False,,,-0.561,0.483,0.517,GB by 0.6,-3.5,4.59,2.56,13.16
2026-10-04,13:00,JAX,CIN,False,,,0.4,0.5121,0.4879,CIN by 0.4,2.5,4.59,2.56,13.16
2026-10-04,13:00,LAR,PHI,False,,,1.885,0.557,0.443,PHI by 1.9,-3.0,4.59,2.56,13.16
2026-10-04,13:00,NE,BUF,False,,,10.322,0.7836,0.2164,BUF by 10.3,7.0,4.59,2.56,13.16
2026-10-04,13:00,NYJ,CHI,False,,,11.204,0.8027,0.1973,CHI by 11.2,3.5,4.59,2.56,13.16
2026-10-04,13:00,TEN,BAL,False,,,14.239,0.8604,0.1396,BAL by 14.2,11.5,4.59,2.56,13.16
2026-10-04,16:05,MIA,MIN,False,,,14.157,0.859,0.141,MIN by 14.2,11.5,4.59,2.56,13.16
2026-10-04,16:25,DEN,SF,False,,,3.742,0.6119,0.3881,SF by 3.7,3.0,4.59,2.56,13.16
2026-10-04,16:25,KC,LV,False,,,-3.024,0.4091,0.5909,KC by 3.0,-4.5,4.59,2.56,13.16
2026-10-04,16:25,LAC,SEA,False,,,14.068,0.8575,0.1425,SEA by 14.1,7.0,4.59,2.56,13.16
2026-10-04,20:20,DET,CAR,False,,,-2.367,0.4286,0.5714,DET by 2.4,-3.5,4.59,2.56,13.16
2026-10-05,20:15,ATL,NO,False,,,5.82,0.6708,0.3292,NO by 5.8,3.0,4.59,2.56,13.16
